student_id,class_id,name
ST0001,C1A,Student_1
ST0002,C1A,Student_2
ST0003,C1A,Student_3
ST0004,C1A,Student_4
ST0005,C1A,Student_5
ST0006,C1A,Student_6
ST0007,C1A,Student_7
ST0008,C1A,Student_8
ST0009,C1A,Student_9
ST0010,C1A,Student_10
ST0011,C1A,Student_11
ST0012,C1A,Student_12
ST0013,C1A,Student_13
ST0014,C1A,Student_14
ST0015,C1A,Student_15
ST0016,C1A,Student_16
ST0017,C1A,Student_17
ST0018,C1A,Student_18
ST0019,C1A,Student_19
ST0020,C1A,Student_20
ST0021,C1A,Student_21
ST0022,C1A,Student_22
ST0023,C1A,Student_23
ST0024,C1A,Student_24
ST0025,C1A,Student_25
ST0026,C1A,Student_26
ST0027,C1A,Student_27
ST0028,C1A,Student_28
ST0029,C1A,Student_29
ST0030,C1A,Student_30
ST0031,C1A,Student_31
ST0032,C1A,Student_32
ST0033,C1A,Student_33
ST0034,C1A,Student_34
ST0035,C1A,Student_35
ST0036,C1A,Student_36
ST0037,C1A,Student_37
ST0038,C1A,Student_38
ST0039,C1A,Student_39
ST0040,C1A,Student_40
ST0041,C1A,Student_41
ST0042,C1A,Student_42
ST0043,C1A,Student_43
ST0044,C1A,Student_44
ST0045,C1A,Student_45
ST0046,C1A,Student_46
ST0047,C1A,Student_47
ST0048,C1A,Student_48
ST0049,C1A,Student_49
ST0050,C1A,Student_50
ST0051,C1B,Student_51
ST0052,C1B,Student_52
ST0053,C1B,Student_53
ST0054,C1B,Student_54
ST0055,C1B,Student_55
ST0056,C1B,Student_56
ST0057,C1B,Student_57
ST0058,C1B,Student_58
ST0059,C1B,Student_59
ST0060,C1B,Student_60
ST0061,C1B,Student_61
ST0062,C1B,Student_62
ST0063,C1B,Student_63
ST0064,C1B,Student_64
ST0065,C1B,Student_65
ST0066,C1B,Student_66
ST0067,C1B,Student_67
ST0068,C1B,Student_68
ST0069,C1B,Student_69
ST0070,C1B,Student_70
ST0071,C1B,Student_71
ST0072,C1B,Student_72
ST0073,C1B,Student_73
ST0074,C1B,Student_74
ST0075,C1B,Student_75
ST0076,C1B,Student_76
ST0077,C1B,Student_77
ST0078,C1B,Student_78
ST0079,C1B,Student_79
ST0080,C1B,Student_80
ST0081,C1B,Student_81
ST0082,C1B,Student_82
ST0083,C1B,Student_83
ST0084,C1B,Student_84
ST0085,C1B,Student_85
ST0086,C1B,Student_86
ST0087,C1B,Student_87
ST0088,C1B,Student_88
ST0089,C1B,Student_89
ST0090,C1B,Student_90
ST0091,C1B,Student_91
ST0092,C1B,Student_92
ST0093,C1B,Student_93
ST0094,C1B,Student_94
ST0095,C1B,Student_95
ST0096,C1B,Student_96
ST0097,C1B,Student_97
ST0098,C1B,Student_98
ST0099,C1B,Student_99
ST0100,C1B,Student_100
ST0101,C2A,Student_101
ST0102,C2A,Student_102
ST0103,C2A,Student_103
ST0104,C2A,Student_104
ST0105,C2A,Student_105
ST0106,C2A,Student_106
ST0107,C2A,Student_107
ST0108,C2A,Student_108
ST0109,C2A,Student_109
ST0110,C2A,Student_110
ST0111,C2A,Student_111
ST0112,C2A,Student_112
ST0113,C2A,Student_113
ST0114,C2A,Student_114
ST0115,C2A,Student_115
ST0116,C2A,Student_116
ST0117,C2A,Student_117
ST0118,C2A,Student_118
ST0119,C2A,Student_119
ST0120,C2A,Student_120
ST0121,C2A,Student_121
ST0122,C2A,Student_122
ST0123,C2A,Student_123
ST0124,C2A,Student_124
ST0125,C2A,Student_125
ST0126,C2A,Student_126
ST0127,C2A,Student_127
ST0128,C2A,Student_128
ST0129,C2A,Student_129
ST0130,C2A,Student_130
ST0131,C2A,Student_131
ST0132,C2A,Student_132
ST0133,C2A,Student_133
ST0134,C2A,Student_134
ST0135,C2A,Student_135
ST0136,C2A,Student_136
ST0137,C2A,Student_137
ST0138,C2A,Student_138
ST0139,C2A,Student_139
ST0140,C2A,Student_140
ST0141,C2A,Student_141
ST0142,C2A,Student_142
ST0143,C2A,Student_143
ST0144,C2A,Student_144
ST0145,C2A,Student_145
ST0146,C2A,Student_146
ST0147,C2A,Student_147
ST0148,C2A,Student_148
ST0149,C2A,Student_149
ST0150,C2A,Student_150
ST0151,C2B,Student_151
ST0152,C2B,Student_152
ST0153,C2B,Student_153
ST0154,C2B,Student_154
ST0155,C2B,Student_155
ST0156,C2B,Student_156
ST0157,C2B,Student_157
ST0158,C2B,Student_158
ST0159,C2B,Student_159
ST0160,C2B,Student_160
ST0161,C2B,Student_161
ST0162,C2B,Student_162
ST0163,C2B,Student_163
ST0164,C2B,Student_164
ST0165,C2B,Student_165
ST0166,C2B,Student_166
ST0167,C2B,Student_167
ST0168,C2B,Student_168
ST0169,C2B,Student_169
ST0170,C2B,Student_170
ST0171,C2B,Student_171
ST0172,C2B,Student_172
ST0173,C2B,Student_173
ST0174,C2B,Student_174
ST0175,C2B,Student_175
ST0176,C2B,Student_176
ST0177,C2B,Student_177
ST0178,C2B,Student_178
ST0179,C2B,Student_179
ST0180,C2B,Student_180
ST0181,C2B,Student_181
ST0182,C2B,Student_182
ST0183,C2B,Student_183
ST0184,C2B,Student_184
ST0185,C2B,Student_185
ST0186,C2B,Student_186
ST0187,C2B,Student_187
ST0188,C2B,Student_188
ST0189,C2B,Student_189
ST0190,C2B,Student_190
ST0191,C2B,Student_191
ST0192,C2B,Student_192
ST0193,C2B,Student_193
ST0194,C2B,Student_194
ST0195,C2B,Student_195
ST0196,C2B,Student_196
ST0197,C2B,Student_197
ST0198,C2B,Student_198
ST0199,C2B,Student_199
ST0200,C2B,Student_200
ST0201,C3A,Student_201
ST0202,C3A,Student_202
ST0203,C3A,Student_203
ST0204,C3A,Student_204
ST0205,C3A,Student_205
ST0206,C3A,Student_206
ST0207,C3A,Student_207
ST0208,C3A,Student_208
ST0209,C3A,Student_209
ST0210,C3A,Student_210
ST0211,C3A,Student_211
ST0212,C3A,Student_212
ST0213,C3A,Student_213
ST0214,C3A,Student_214
ST0215,C3A,Student_215
ST0216,C3A,Student_216
ST0217,C3A,Student_217
ST0218,C3A,Student_218
ST0219,C3A,Student_219
ST0220,C3A,Student_220
ST0221,C3A,Student_221
ST0222,C3A,Student_222
ST0223,C3A,Student_223
ST0224,C3A,Student_224
ST0225,C3A,Student_225
ST0226,C3A,Student_226
ST0227,C3A,Student_227
ST0228,C3A,Student_228
ST0229,C3A,Student_229
ST0230,C3A,Student_230
ST0231,C3A,Student_231
ST0232,C3A,Student_232
ST0233,C3A,Student_233
ST0234,C3A,Student_234
ST0235,C3A,Student_235
ST0236,C3A,Student_236
ST0237,C3A,Student_237
ST0238,C3A,Student_238
ST0239,C3A,Student_239
ST0240,C3A,Student_240
ST0241,C3A,Student_241
ST0242,C3A,Student_242
ST0243,C3A,Student_243
ST0244,C3A,Student_244
ST0245,C3A,Student_245
ST0246,C3A,Student_246
ST0247,C3A,Student_247
ST0248,C3A,Student_248
ST0249,C3A,Student_249
ST0250,C3A,Student_250
ST0251,C3B,Student_251
ST0252,C3B,Student_252
ST0253,C3B,Student_253
ST0254,C3B,Student_254
ST0255,C3B,Student_255
ST0256,C3B,Student_256
ST0257,C3B,Student_257
ST0258,C3B,Student_258
ST0259,C3B,Student_259
ST0260,C3B,Student_260
ST0261,C3B,Student_261
ST0262,C3B,Student_262
ST0263,C3B,Student_263
ST0264,C3B,Student_264
ST0265,C3B,Student_265
ST0266,C3B,Student_266
ST0267,C3B,Student_267
ST0268,C3B,Student_268
ST0269,C3B,Student_269
ST0270,C3B,Student_270
ST0271,C3B,Student_271
ST0272,C3B,Student_272
ST0273,C3B,Student_273
ST0274,C3B,Student_274
ST0275,C3B,Student_275
ST0276,C3B,Student_276
ST0277,C3B,Student_277
ST0278,C3B,Student_278
ST0279,C3B,Student_279
ST0280,C3B,Student_280
ST0281,C3B,Student_281
ST0282,C3B,Student_282
ST0283,C3B,Student_283
ST0284,C3B,Student_284
ST0285,C3B,Student_285
ST0286,C3B,Student_286
ST0287,C3B,Student_287
ST0288,C3B,Student_288
ST0289,C3B,Student_289
ST0290,C3B,Student_290
ST0291,C3B,Student_291
ST0292,C3B,Student_292
ST0293,C3B,Student_293
ST0294,C3B,Student_294
ST0295,C3B,Student_295
ST0296,C3B,Student_296
ST0297,C3B,Student_297
ST0298,C3B,Student_298
ST0299,C3B,Student_299
ST0300,C3B,Student_300
ST0301,C4A,Student_301
ST0302,C4A,Student_302
ST0303,C4A,Student_303
ST0304,C4A,Student_304
ST0305,C4A,Student_305
ST0306,C4A,Student_306
ST0307,C4A,Student_307
ST0308,C4A,Student_308
ST0309,C4A,Student_309
ST0310,C4A,Student_310
ST0311,C4A,Student_311
ST0312,C4A,Student_312
ST0313,C4A,Student_313
ST0314,C4A,Student_314
ST0315,C4A,Student_315
ST0316,C4A,Student_316
ST0317,C4A,Student_317
ST0318,C4A,Student_318
ST0319,C4A,Student_319
ST0320,C4A,Student_320
ST0321,C4A,Student_321
ST0322,C4A,Student_322
ST0323,C4A,Student_323
ST0324,C4A,Student_324
ST0325,C4A,Student_325
ST0326,C4A,Student_326
ST0327,C4A,Student_327
ST0328,C4A,Student_328
ST0329,C4A,Student_329
ST0330,C4A,Student_330
ST0331,C4A,Student_331
ST0332,C4A,Student_332
ST0333,C4A,Student_333
ST0334,C4A,Student_334
ST0335,C4A,Student_335
ST0336,C4A,Student_336
ST0337,C4A,Student_337
ST0338,C4A,Student_338
ST0339,C4A,Student_339
ST0340,C4A,Student_340
ST0341,C4A,Student_341
ST0342,C4A,Student_342
ST0343,C4A,Student_343
ST0344,C4A,Student_344
ST0345,C4A,Student_345
ST0346,C4A,Student_346
ST0347,C4A,Student_347
ST0348,C4A,Student_348
ST0349,C4A,Student_349
ST0350,C4A,Student_350
ST0351,C4B,Student_351
ST0352,C4B,Student_352
ST0353,C4B,Student_353
ST0354,C4B,Student_354
ST0355,C4B,Student_355
ST0356,C4B,Student_356
ST0357,C4B,Student_357
ST0358,C4B,Student_358
ST0359,C4B,Student_359
ST0360,C4B,Student_360
ST0361,C4B,Student_361
ST0362,C4B,Student_362
ST0363,C4B,Student_363
ST0364,C4B,Student_364
ST0365,C4B,Student_365
ST0366,C4B,Student_366
ST0367,C4B,Student_367
ST0368,C4B,Student_368
ST0369,C4B,Student_369
ST0370,C4B,Student_370
ST0371,C4B,Student_371
ST0372,C4B,Student_372
ST0373,C4B,Student_373
ST0374,C4B,Student_374
ST0375,C4B,Student_375
ST0376,C4B,Student_376
ST0377,C4B,Student_377
ST0378,C4B,Student_378
ST0379,C4B,Student_379
ST0380,C4B,Student_380
ST0381,C4B,Student_381
ST0382,C4B,Student_382
ST0383,C4B,Student_383
ST0384,C4B,Student_384
ST0385,C4B,Student_385
ST0386,C4B,Student_386
ST0387,C4B,Student_387
ST0388,C4B,Student_388
ST0389,C4B,Student_389
ST0390,C4B,Student_390
ST0391,C4B,Student_391
ST0392,C4B,Student_392
ST0393,C4B,Student_393
ST0394,C4B,Student_394
ST0395,C4B,Student_395
ST0396,C4B,Student_396
ST0397,C4B,Student_397
ST0398,C4B,Student_398
ST0399,C4B,Student_399
ST0400,C4B,Student_400
ST0401,C5A,Student_401
ST0402,C5A,Student_402
ST0403,C5A,Student_403
ST0404,C5A,Student_404
ST0405,C5A,Student_405
ST0406,C5A,Student_406
ST0407,C5A,Student_407
ST0408,C5A,Student_408
ST0409,C5A,Student_409
ST0410,C5A,Student_410
ST0411,C5A,Student_411
ST0412,C5A,Student_412
ST0413,C5A,Student_413
ST0414,C5A,Student_414
ST0415,C5A,Student_415
ST0416,C5A,Student_416
ST0417,C5A,Student_417
ST0418,C5A,Student_418
ST0419,C5A,Student_419
ST0420,C5A,Student_420
ST0421,C5A,Student_421
ST0422,C5A,Student_422
ST0423,C5A,Student_423
ST0424,C5A,Student_424
ST0425,C5A,Student_425
ST0426,C5A,Student_426
ST0427,C5A,Student_427
ST0428,C5A,Student_428
ST0429,C5A,Student_429
ST0430,C5A,Student_430
ST0431,C5A,Student_431
ST0432,C5A,Student_432
ST0433,C5A,Student_433
ST0434,C5A,Student_434
ST0435,C5A,Student_435
ST0436,C5A,Student_436
ST0437,C5A,Student_437
ST0438,C5A,Student_438
ST0439,C5A,Student_439
ST0440,C5A,Student_440
ST0441,C5A,Student_441
ST0442,C5A,Student_442
ST0443,C5A,Student_443
ST0444,C5A,Student_444
ST0445,C5A,Student_445
ST0446,C5A,Student_446
ST0447,C5A,Student_447
ST0448,C5A,Student_448
ST0449,C5A,Student_449
ST0450,C5A,Student_450
ST0451,C5B,Student_451
ST0452,C5B,Student_452
ST0453,C5B,Student_453
ST0454,C5B,Student_454
ST0455,C5B,Student_455
ST0456,C5B,Student_456
ST0457,C5B,Student_457
ST0458,C5B,Student_458
ST0459,C5B,Student_459
ST0460,C5B,Student_460
ST0461,C5B,Student_461
ST0462,C5B,Student_462
ST0463,C5B,Student_463
ST0464,C5B,Student_464
ST0465,C5B,Student_465
ST0466,C5B,Student_466
ST0467,C5B,Student_467
ST0468,C5B,Student_468
ST0469,C5B,Student_469
ST0470,C5B,Student_470
ST0471,C5B,Student_471
ST0472,C5B,Student_472
ST0473,C5B,Student_473
ST0474,C5B,Student_474
ST0475,C5B,Student_475
ST0476,C5B,Student_476
ST0477,C5B,Student_477
ST0478,C5B,Student_478
ST0479,C5B,Student_479
ST0480,C5B,Student_480
ST0481,C5B,Student_481
ST0482,C5B,Student_482
ST0483,C5B,Student_483
ST0484,C5B,Student_484
ST0485,C5B,Student_485
ST0486,C5B,Student_486
ST0487,C5B,Student_487
ST0488,C5B,Student_488
ST0489,C5B,Student_489
ST0490,C5B,Student_490
ST0491,C5B,Student_491
ST0492,C5B,Student_492
ST0493,C5B,Student_493
ST0494,C5B,Student_494
ST0495,C5B,Student_495
ST0496,C5B,Student_496
ST0497,C5B,Student_497
ST0498,C5B,Student_498
ST0499,C5B,Student_499
ST0500,C5B,Student_500
ST0501,C6A,Student_501
ST0502,C6A,Student_502
ST0503,C6A,Student_503
ST0504,C6A,Student_504
ST0505,C6A,Student_505
ST0506,C6A,Student_506
ST0507,C6A,Student_507
ST0508,C6A,Student_508
ST0509,C6A,Student_509
ST0510,C6A,Student_510
ST0511,C6A,Student_511
ST0512,C6A,Student_512
ST0513,C6A,Student_513
ST0514,C6A,Student_514
ST0515,C6A,Student_515
ST0516,C6A,Student_516
ST0517,C6A,Student_517
ST0518,C6A,Student_518
ST0519,C6A,Student_519
ST0520,C6A,Student_520
ST0521,C6A,Student_521
ST0522,C6A,Student_522
ST0523,C6A,Student_523
ST0524,C6A,Student_524
ST0525,C6A,Student_525
ST0526,C6A,Student_526
ST0527,C6A,Student_527
ST0528,C6A,Student_528
ST0529,C6A,Student_529
ST0530,C6A,Student_530
ST0531,C6A,Student_531
ST0532,C6A,Student_532
ST0533,C6A,Student_533
ST0534,C6A,Student_534
ST0535,C6A,Student_535
ST0536,C6A,Student_536
ST0537,C6A,Student_537
ST0538,C6A,Student_538
ST0539,C6A,Student_539
ST0540,C6A,Student_540
ST0541,C6A,Student_541
ST0542,C6A,Student_542
ST0543,C6A,Student_543
ST0544,C6A,Student_544
ST0545,C6A,Student_545
ST0546,C6A,Student_546
ST0547,C6A,Student_547
ST0548,C6A,Student_548
ST0549,C6A,Student_549
ST0550,C6A,Student_550
ST0551,C6B,Student_551
ST0552,C6B,Student_552
ST0553,C6B,Student_553
ST0554,C6B,Student_554
ST0555,C6B,Student_555
ST0556,C6B,Student_556
ST0557,C6B,Student_557
ST0558,C6B,Student_558
ST0559,C6B,Student_559
ST0560,C6B,Student_560
ST0561,C6B,Student_561
ST0562,C6B,Student_562
ST0563,C6B,Student_563
ST0564,C6B,Student_564
ST0565,C6B,Student_565
ST0566,C6B,Student_566
ST0567,C6B,Student_567
ST0568,C6B,Student_568
ST0569,C6B,Student_569
ST0570,C6B,Student_570
ST0571,C6B,Student_571
ST0572,C6B,Student_572
ST0573,C6B,Student_573
ST0574,C6B,Student_574
ST0575,C6B,Student_575
ST0576,C6B,Student_576
ST0577,C6B,Student_577
ST0578,C6B,Student_578
ST0579,C6B,Student_579
ST0580,C6B,Student_580
ST0581,C6B,Student_581
ST0582,C6B,Student_582
ST0583,C6B,Student_583
ST0584,C6B,Student_584
ST0585,C6B,Student_585
ST0586,C6B,Student_586
ST0587,C6B,Student_587
ST0588,C6B,Student_588
ST0589,C6B,Student_589
ST0590,C6B,Student_590
ST0591,C6B,Student_591
ST0592,C6B,Student_592
ST0593,C6B,Student_593
ST0594,C6B,Student_594
ST0595,C6B,Student_595
ST0596,C6B,Student_596
ST0597,C6B,Student_597
ST0598,C6B,Student_598
ST0599,C6B,Student_599
ST0600,C6B,Student_600
ST0601,C7A,Student_601
ST0602,C7A,Student_602
ST0603,C7A,Student_603
ST0604,C7A,Student_604
ST0605,C7A,Student_605
ST0606,C7A,Student_606
ST0607,C7A,Student_607
ST0608,C7A,Student_608
ST0609,C7A,Student_609
ST0610,C7A,Student_610
ST0611,C7A,Student_611
ST0612,C7A,Student_612
ST0613,C7A,Student_613
ST0614,C7A,Student_614
ST0615,C7A,Student_615
ST0616,C7A,Student_616
ST0617,C7A,Student_617
ST0618,C7A,Student_618
ST0619,C7A,Student_619
ST0620,C7A,Student_620
ST0621,C7A,Student_621
ST0622,C7A,Student_622
ST0623,C7A,Student_623
ST0624,C7A,Student_624
ST0625,C7A,Student_625
ST0626,C7A,Student_626
ST0627,C7A,Student_627
ST0628,C7A,Student_628
ST0629,C7A,Student_629
ST0630,C7A,Student_630
ST0631,C7A,Student_631
ST0632,C7A,Student_632
ST0633,C7A,Student_633
ST0634,C7A,Student_634
ST0635,C7A,Student_635
ST0636,C7A,Student_636
ST0637,C7A,Student_637
ST0638,C7A,Student_638
ST0639,C7A,Student_639
ST0640,C7A,Student_640
ST0641,C7A,Student_641
ST0642,C7A,Student_642
ST0643,C7A,Student_643
ST0644,C7A,Student_644
ST0645,C7A,Student_645
ST0646,C7A,Student_646
ST0647,C7A,Student_647
ST0648,C7A,Student_648
ST0649,C7A,Student_649
ST0650,C7A,Student_650
ST0651,C7B,Student_651
ST0652,C7B,Student_652
ST0653,C7B,Student_653
ST0654,C7B,Student_654
ST0655,C7B,Student_655
ST0656,C7B,Student_656
ST0657,C7B,Student_657
ST0658,C7B,Student_658
ST0659,C7B,Student_659
ST0660,C7B,Student_660
ST0661,C7B,Student_661
ST0662,C7B,Student_662
ST0663,C7B,Student_663
ST0664,C7B,Student_664
ST0665,C7B,Student_665
ST0666,C7B,Student_666
ST0667,C7B,Student_667
ST0668,C7B,Student_668
ST0669,C7B,Student_669
ST0670,C7B,Student_670
ST0671,C7B,Student_671
ST0672,C7B,Student_672
ST0673,C7B,Student_673
ST0674,C7B,Student_674
ST0675,C7B,Student_675
ST0676,C7B,Student_676
ST0677,C7B,Student_677
ST0678,C7B,Student_678
ST0679,C7B,Student_679
ST0680,C7B,Student_680
ST0681,C7B,Student_681
ST0682,C7B,Student_682
ST0683,C7B,Student_683
ST0684,C7B,Student_684
ST0685,C7B,Student_685
ST0686,C7B,Student_686
ST0687,C7B,Student_687
ST0688,C7B,Student_688
ST0689,C7B,Student_689
ST0690,C7B,Student_690
ST0691,C7B,Student_691
ST0692,C7B,Student_692
ST0693,C7B,Student_693
ST0694,C7B,Student_694
ST0695,C7B,Student_695
ST0696,C7B,Student_696
ST0697,C7B,Student_697
ST0698,C7B,Student_698
ST0699,C7B,Student_699
ST0700,C7B,Student_700
ST0701,C8A,Student_701
ST0702,C8A,Student_702
ST0703,C8A,Student_703
ST0704,C8A,Student_704
ST0705,C8A,Student_705
ST0706,C8A,Student_706
ST0707,C8A,Student_707
ST0708,C8A,Student_708
ST0709,C8A,Student_709
ST0710,C8A,Student_710
ST0711,C8A,Student_711
ST0712,C8A,Student_712
ST0713,C8A,Student_713
ST0714,C8A,Student_714
ST0715,C8A,Student_715
ST0716,C8A,Student_716
ST0717,C8A,Student_717
ST0718,C8A,Student_718
ST0719,C8A,Student_719
ST0720,C8A,Student_720
ST0721,C8A,Student_721
ST0722,C8A,Student_722
ST0723,C8A,Student_723
ST0724,C8A,Student_724
ST0725,C8A,Student_725
ST0726,C8A,Student_726
ST0727,C8A,Student_727
ST0728,C8A,Student_728
ST0729,C8A,Student_729
ST0730,C8A,Student_730
ST0731,C8A,Student_731
ST0732,C8A,Student_732
ST0733,C8A,Student_733
ST0734,C8A,Student_734
ST0735,C8A,Student_735
ST0736,C8A,Student_736
ST0737,C8A,Student_737
ST0738,C8A,Student_738
ST0739,C8A,Student_739
ST0740,C8A,Student_740
ST0741,C8A,Student_741
ST0742,C8A,Student_742
ST0743,C8A,Student_743
ST0744,C8A,Student_744
ST0745,C8A,Student_745
ST0746,C8A,Student_746
ST0747,C8A,Student_747
ST0748,C8A,Student_748
ST0749,C8A,Student_749
ST0750,C8A,Student_750
ST0751,C8B,Student_751
ST0752,C8B,Student_752
ST0753,C8B,Student_753
ST0754,C8B,Student_754
ST0755,C8B,Student_755
ST0756,C8B,Student_756
ST0757,C8B,Student_757
ST0758,C8B,Student_758
ST0759,C8B,Student_759
ST0760,C8B,Student_760
ST0761,C8B,Student_761
ST0762,C8B,Student_762
ST0763,C8B,Student_763
ST0764,C8B,Student_764
ST0765,C8B,Student_765
ST0766,C8B,Student_766
ST0767,C8B,Student_767
ST0768,C8B,Student_768
ST0769,C8B,Student_769
ST0770,C8B,Student_770
ST0771,C8B,Student_771
ST0772,C8B,Student_772
ST0773,C8B,Student_773
ST0774,C8B,Student_774
ST0775,C8B,Student_775
ST0776,C8B,Student_776
ST0777,C8B,Student_777
ST0778,C8B,Student_778
ST0779,C8B,Student_779
ST0780,C8B,Student_780
ST0781,C8B,Student_781
ST0782,C8B,Student_782
ST0783,C8B,Student_783
ST0784,C8B,Student_784
ST0785,C8B,Student_785
ST0786,C8B,Student_786
ST0787,C8B,Student_787
ST0788,C8B,Student_788
ST0789,C8B,Student_789
ST0790,C8B,Student_790
ST0791,C8B,Student_791
ST0792,C8B,Student_792
ST0793,C8B,Student_793
ST0794,C8B,Student_794
ST0795,C8B,Student_795
ST0796,C8B,Student_796
ST0797,C8B,Student_797
ST0798,C8B,Student_798
ST0799,C8B,Student_799
ST0800,C8B,Student_800
ST0801,C9A,Student_801
ST0802,C9A,Student_802
ST0803,C9A,Student_803
ST0804,C9A,Student_804
ST0805,C9A,Student_805
ST0806,C9A,Student_806
ST0807,C9A,Student_807
ST0808,C9A,Student_808
ST0809,C9A,Student_809
ST0810,C9A,Student_810
ST0811,C9A,Student_811
ST0812,C9A,Student_812
ST0813,C9A,Student_813
ST0814,C9A,Student_814
ST0815,C9A,Student_815
ST0816,C9A,Student_816
ST0817,C9A,Student_817
ST0818,C9A,Student_818
ST0819,C9A,Student_819
ST0820,C9A,Student_820
ST0821,C9A,Student_821
ST0822,C9A,Student_822
ST0823,C9A,Student_823
ST0824,C9A,Student_824
ST0825,C9A,Student_825
ST0826,C9A,Student_826
ST0827,C9A,Student_827
ST0828,C9A,Student_828
ST0829,C9A,Student_829
ST0830,C9A,Student_830
ST0831,C9A,Student_831
ST0832,C9A,Student_832
ST0833,C9A,Student_833
ST0834,C9A,Student_834
ST0835,C9A,Student_835
ST0836,C9A,Student_836
ST0837,C9A,Student_837
ST0838,C9A,Student_838
ST0839,C9A,Student_839
ST0840,C9A,Student_840
ST0841,C9A,Student_841
ST0842,C9A,Student_842
ST0843,C9A,Student_843
ST0844,C9A,Student_844
ST0845,C9A,Student_845
ST0846,C9A,Student_846
ST0847,C9A,Student_847
ST0848,C9A,Student_848
ST0849,C9A,Student_849
ST0850,C9A,Student_850
ST0851,C9B,Student_851
ST0852,C9B,Student_852
ST0853,C9B,Student_853
ST0854,C9B,Student_854
ST0855,C9B,Student_855
ST0856,C9B,Student_856
ST0857,C9B,Student_857
ST0858,C9B,Student_858
ST0859,C9B,Student_859
ST0860,C9B,Student_860
ST0861,C9B,Student_861
ST0862,C9B,Student_862
ST0863,C9B,Student_863
ST0864,C9B,Student_864
ST0865,C9B,Student_865
ST0866,C9B,Student_866
ST0867,C9B,Student_867
ST0868,C9B,Student_868
ST0869,C9B,Student_869
ST0870,C9B,Student_870
ST0871,C9B,Student_871
ST0872,C9B,Student_872
ST0873,C9B,Student_873
ST0874,C9B,Student_874
ST0875,C9B,Student_875
ST0876,C9B,Student_876
ST0877,C9B,Student_877
ST0878,C9B,Student_878
ST0879,C9B,Student_879
ST0880,C9B,Student_880
ST0881,C9B,Student_881
ST0882,C9B,Student_882
ST0883,C9B,Student_883
ST0884,C9B,Student_884
ST0885,C9B,Student_885
ST0886,C9B,Student_886
ST0887,C9B,Student_887
ST0888,C9B,Student_888
ST0889,C9B,Student_889
ST0890,C9B,Student_890
ST0891,C9B,Student_891
ST0892,C9B,Student_892
ST0893,C9B,Student_893
ST0894,C9B,Student_894
ST0895,C9B,Student_895
ST0896,C9B,Student_896
ST0897,C9B,Student_897
ST0898,C9B,Student_898
ST0899,C9B,Student_899
ST0900,C9B,Student_900
ST0901,C10A,Student_901
ST0902,C10A,Student_902
ST0903,C10A,Student_903
ST0904,C10A,Student_904
ST0905,C10A,Student_905
ST0906,C10A,Student_906
ST0907,C10A,Student_907
ST0908,C10A,Student_908
ST0909,C10A,Student_909
ST0910,C10A,Student_910
ST0911,C10A,Student_911
ST0912,C10A,Student_912
ST0913,C10A,Student_913
ST0914,C10A,Student_914
ST0915,C10A,Student_915
ST0916,C10A,Student_916
ST0917,C10A,Student_917
ST0918,C10A,Student_918
ST0919,C10A,Student_919
ST0920,C10A,Student_920
ST0921,C10A,Student_921
ST0922,C10A,Student_922
ST0923,C10A,Student_923
ST0924,C10A,Student_924
ST0925,C10A,Student_925
ST0926,C10A,Student_926
ST0927,C10A,Student_927
ST0928,C10A,Student_928
ST0929,C10A,Student_929
ST0930,C10A,Student_930
ST0931,C10A,Student_931
ST0932,C10A,Student_932
ST0933,C10A,Student_933
ST0934,C10A,Student_934
ST0935,C10A,Student_935
ST0936,C10A,Student_936
ST0937,C10A,Student_937
ST0938,C10A,Student_938
ST0939,C10A,Student_939
ST0940,C10A,Student_940
ST0941,C10A,Student_941
ST0942,C10A,Student_942
ST0943,C10A,Student_943
ST0944,C10A,Student_944
ST0945,C10A,Student_945
ST0946,C10A,Student_946
ST0947,C10A,Student_947
ST0948,C10A,Student_948
ST0949,C10A,Student_949
ST0950,C10A,Student_950
ST0951,C10B,Student_951
ST0952,C10B,Student_952
ST0953,C10B,Student_953
ST0954,C10B,Student_954
ST0955,C10B,Student_955
ST0956,C10B,Student_956
ST0957,C10B,Student_957
ST0958,C10B,Student_958
ST0959,C10B,Student_959
ST0960,C10B,Student_960
ST0961,C10B,Student_961
ST0962,C10B,Student_962
ST0963,C10B,Student_963
ST0964,C10B,Student_964
ST0965,C10B,Student_965
ST0966,C10B,Student_966
ST0967,C10B,Student_967
ST0968,C10B,Student_968
ST0969,C10B,Student_969
ST0970,C10B,Student_970
ST0971,C10B,Student_971
ST0972,C10B,Student_972
ST0973,C10B,Student_973
ST0974,C10B,Student_974
ST0975,C10B,Student_975
ST0976,C10B,Student_976
ST0977,C10B,Student_977
ST0978,C10B,Student_978
ST0979,C10B,Student_979
ST0980,C10B,Student_980
ST0981,C10B,Student_981
ST0982,C10B,Student_982
ST0983,C10B,Student_983
ST0984,C10B,Student_984
ST0985,C10B,Student_985
ST0986,C10B,Student_986
ST0987,C10B,Student_987
ST0988,C10B,Student_988
ST0989,C10B,Student_989
ST0990,C10B,Student_990
ST0991,C10B,Student_991
ST0992,C10B,Student_992
ST0993,C10B,Student_993
ST0994,C10B,Student_994
ST0995,C10B,Student_995
ST0996,C10B,Student_996
ST0997,C10B,Student_997
ST0998,C10B,Student_998
ST0999,C10B,Student_999
ST1000,C10B,Student_1000
ST1001,C11A,Student_1001
ST1002,C11A,Student_1002
ST1003,C11A,Student_1003
ST1004,C11A,Student_1004
ST1005,C11A,Student_1005
ST1006,C11A,Student_1006
ST1007,C11A,Student_1007
ST1008,C11A,Student_1008
ST1009,C11A,Student_1009
ST1010,C11A,Student_1010
ST1011,C11A,Student_1011
ST1012,C11A,Student_1012
ST1013,C11A,Student_1013
ST1014,C11A,Student_1014
ST1015,C11A,Student_1015
ST1016,C11A,Student_1016
ST1017,C11A,Student_1017
ST1018,C11A,Student_1018
ST1019,C11A,Student_1019
ST1020,C11A,Student_1020
ST1021,C11A,Student_1021
ST1022,C11A,Student_1022
ST1023,C11A,Student_1023
ST1024,C11A,Student_1024
ST1025,C11A,Student_1025
ST1026,C11A,Student_1026
ST1027,C11A,Student_1027
ST1028,C11A,Student_1028
ST1029,C11A,Student_1029
ST1030,C11A,Student_1030
ST1031,C11A,Student_1031
ST1032,C11A,Student_1032
ST1033,C11A,Student_1033
ST1034,C11A,Student_1034
ST1035,C11A,Student_1035
ST1036,C11A,Student_1036
ST1037,C11A,Student_1037
ST1038,C11A,Student_1038
ST1039,C11A,Student_1039
ST1040,C11A,Student_1040
ST1041,C11A,Student_1041
ST1042,C11A,Student_1042
ST1043,C11A,Student_1043
ST1044,C11A,Student_1044
ST1045,C11A,Student_1045
ST1046,C11A,Student_1046
ST1047,C11A,Student_1047
ST1048,C11A,Student_1048
ST1049,C11A,Student_1049
ST1050,C11A,Student_1050
ST1051,C11B,Student_1051
ST1052,C11B,Student_1052
ST1053,C11B,Student_1053
ST1054,C11B,Student_1054
ST1055,C11B,Student_1055
ST1056,C11B,Student_1056
ST1057,C11B,Student_1057
ST1058,C11B,Student_1058
ST1059,C11B,Student_1059
ST1060,C11B,Student_1060
ST1061,C11B,Student_1061
ST1062,C11B,Student_1062
ST1063,C11B,Student_1063
ST1064,C11B,Student_1064
ST1065,C11B,Student_1065
ST1066,C11B,Student_1066
ST1067,C11B,Student_1067
ST1068,C11B,Student_1068
ST1069,C11B,Student_1069
ST1070,C11B,Student_1070
ST1071,C11B,Student_1071
ST1072,C11B,Student_1072
ST1073,C11B,Student_1073
ST1074,C11B,Student_1074
ST1075,C11B,Student_1075
ST1076,C11B,Student_1076
ST1077,C11B,Student_1077
ST1078,C11B,Student_1078
ST1079,C11B,Student_1079
ST1080,C11B,Student_1080
ST1081,C11B,Student_1081
ST1082,C11B,Student_1082
ST1083,C11B,Student_1083
ST1084,C11B,Student_1084
ST1085,C11B,Student_1085
ST1086,C11B,Student_1086
ST1087,C11B,Student_1087
ST1088,C11B,Student_1088
ST1089,C11B,Student_1089
ST1090,C11B,Student_1090
ST1091,C11B,Student_1091
ST1092,C11B,Student_1092
ST1093,C11B,Student_1093
ST1094,C11B,Student_1094
ST1095,C11B,Student_1095
ST1096,C11B,Student_1096
ST1097,C11B,Student_1097
ST1098,C11B,Student_1098
ST1099,C11B,Student_1099
ST1100,C11B,Student_1100
ST1101,C12A,Student_1101
ST1102,C12A,Student_1102
ST1103,C12A,Student_1103
ST1104,C12A,Student_1104
ST1105,C12A,Student_1105
ST1106,C12A,Student_1106
ST1107,C12A,Student_1107
ST1108,C12A,Student_1108
ST1109,C12A,Student_1109
ST1110,C12A,Student_1110
ST1111,C12A,Student_1111
ST1112,C12A,Student_1112
ST1113,C12A,Student_1113
ST1114,C12A,Student_1114
ST1115,C12A,Student_1115
ST1116,C12A,Student_1116
ST1117,C12A,Student_1117
ST1118,C12A,Student_1118
ST1119,C12A,Student_1119
ST1120,C12A,Student_1120
ST1121,C12A,Student_1121
ST1122,C12A,Student_1122
ST1123,C12A,Student_1123
ST1124,C12A,Student_1124
ST1125,C12A,Student_1125
ST1126,C12A,Student_1126
ST1127,C12A,Student_1127
ST1128,C12A,Student_1128
ST1129,C12A,Student_1129
ST1130,C12A,Student_1130
ST1131,C12A,Student_1131
ST1132,C12A,Student_1132
ST1133,C12A,Student_1133
ST1134,C12A,Student_1134
ST1135,C12A,Student_1135
ST1136,C12A,Student_1136
ST1137,C12A,Student_1137
ST1138,C12A,Student_1138
ST1139,C12A,Student_1139
ST1140,C12A,Student_1140
ST1141,C12A,Student_1141
ST1142,C12A,Student_1142
ST1143,C12A,Student_1143
ST1144,C12A,Student_1144
ST1145,C12A,Student_1145
ST1146,C12A,Student_1146
ST1147,C12A,Student_1147
ST1148,C12A,Student_1148
ST1149,C12A,Student_1149
ST1150,C12A,Student_1150
ST1151,C12B,Student_1151
ST1152,C12B,Student_1152
ST1153,C12B,Student_1153
ST1154,C12B,Student_1154
ST1155,C12B,Student_1155
ST1156,C12B,Student_1156
ST1157,C12B,Student_1157
ST1158,C12B,Student_1158
ST1159,C12B,Student_1159
ST1160,C12B,Student_1160
ST1161,C12B,Student_1161
ST1162,C12B,Student_1162
ST1163,C12B,Student_1163
ST1164,C12B,Student_1164
ST1165,C12B,Student_1165
ST1166,C12B,Student_1166
ST1167,C12B,Student_1167
ST1168,C12B,Student_1168
ST1169,C12B,Student_1169
ST1170,C12B,Student_1170
ST1171,C12B,Student_1171
ST1172,C12B,Student_1172
ST1173,C12B,Student_1173
ST1174,C12B,Student_1174
ST1175,C12B,Student_1175
ST1176,C12B,Student_1176
ST1177,C12B,Student_1177
ST1178,C12B,Student_1178
ST1179,C12B,Student_1179
ST1180,C12B,Student_1180
ST1181,C12B,Student_1181
ST1182,C12B,Student_1182
ST1183,C12B,Student_1183
ST1184,C12B,Student_1184
ST1185,C12B,Student_1185
ST1186,C12B,Student_1186
ST1187,C12B,Student_1187
ST1188,C12B,Student_1188
ST1189,C12B,Student_1189
ST1190,C12B,Student_1190
ST1191,C12B,Student_1191
ST1192,C12B,Student_1192
ST1193,C12B,Student_1193
ST1194,C12B,Student_1194
ST1195,C12B,Student_1195
ST1196,C12B,Student_1196
ST1197,C12B,Student_1197
ST1198,C12B,Student_1198
ST1199,C12B,Student_1199
ST1200,C12B,Student_1200
